{
	"1": {
		"dTR": [115.0,
		85.0,
		110.0],
		"sPos": [190.0,
		-10.0,
		280.0],
		"dBR": [115.0,
		5.0,
		110.0],
		"dBL": [265.0,
		5.0,
		90.0],
		"dTL": [265.0,
		85.0,
		90.0]
	},
	"2": {
		"dTR": [116.407615378253,
		85.0,
		108.703253904692],
		"sPos": [188.429283420644,
		-10.0,
		279.986292564075],
		"dBR": [116.407615378253,
		5.0,
		108.703253904692],
		"dBL": [266.733817780458,
		5.0,
		91.3241609671571],
		"dTL": [266.733817780458,
		85.0,
		91.3241609671571]
	},
	"3": {
		"dTR": [117.837647709768,
		85.0,
		107.431271585785],
		"sPos": [186.859045296775,
		-10.0,
		279.945174431719],
		"dBR": [117.837647709768,
		5.0,
		107.431271585785],
		"dBL": [268.444261696682,
		5.0,
		92.678379550778],
		"dTL": [268.444261696682,
		85.0,
		92.678379550778]
	},
	"4": {
		"dTR": [119.289661392842,
		85.0,
		106.184440501413],
		"sPos": [185.289763938135,
		-10.0,
		279.876658127912],
		"dBR": [119.289661392842,
		5.0,
		106.184440501413],
		"dBL": [270.130810730887,
		5.0,
		94.0622432427634],
		"dTL": [270.130810730887,
		85.0,
		94.0622432427634]
	},
	"5": {
		"dTR": [120.763214130043,
		85.0,
		104.963140448405],
		"sPos": [183.721917363029,
		-10.0,
		279.780764523384],
		"dBR": [120.763214130043,
		5.0,
		104.963140448405],
		"dBL": [271.792951143899,
		5.0,
		95.475330504827],
		"dTL": [271.792951143899,
		85.0,
		95.475330504827]
	},
	"6": {
		"dTR": [122.257857062932,
		85.0,
		103.767743446586],
		"sPos": [182.155983152711,
		-10.0,
		279.657522828257],
		"dBR": [122.257857062932,
		5.0,
		103.767743446586],
		"dBL": [273.430176631647,
		5.0,
		96.9172108968998],
		"dTL": [273.430176631647,
		85.0,
		96.9172108968998]
	},
	"7": {
		"dTR": [123.773134908792,
		85.0,
		102.598613625464],
		"sPos": [180.592438305911,
		-10.0,
		279.506970583145],
		"dBR": [123.773134908792,
		5.0,
		102.598613625464],
		"dBL": [275.041988479386,
		5.0,
		98.3874452082467],
		"dTL": [275.041988479386,
		85.0,
		98.3874452082467]
	},
	"8": {
		"dTR": [125.308586099313,
		85.0,
		101.456107113308],
		"sPos": [179.031759093537,
		-10.0,
		279.329153647719],
		"dBR": [125.308586099313,
		5.0,
		101.456107113308],
		"dBL": [276.627895713614,
		5.0,
		99.8855855912539],
		"dTL": [276.627895713614,
		85.0,
		99.8855855912539]
	},
	"9": {
		"dTR": [126.863742921187,
		85.0,
		100.340571928669],
		"sPos": [177.474420913594,
		-10.0,
		279.124126186741],
		"dBR": [126.863742921187,
		5.0,
		100.340571928669],
		"dBL": [278.187415251624,
		5.0,
		101.411175697848],
		"dTL": [278.187415251624,
		85.0,
		101.411175697848]
	},
	"10": {
		"dTR": [128.438131658583,
		85.0,
		99.2523478743717],
		"sPos": [175.920898146379,
		-10.0,
		278.891950653562],
		"dBR": [128.438131658583,
		5.0,
		99.2523478743717],
		"dBL": [279.720072048658,
		5.0,
		102.963750818504],
		"dTL": [279.720072048658,
		85.0,
		102.963750818504]
	}
}